REM INSERTING into LEAVE_TYPE
SET DEFINE OFF;
Insert into LEAVE_TYPE (LEAVE_TYPE,LEAVE_LEVEL,DESCRIPTION) values ('SCK',1,'Medical Leave');
Insert into LEAVE_TYPE (LEAVE_TYPE,LEAVE_LEVEL,DESCRIPTION) values ('BRV',1,'Bereavement Leave');
Insert into LEAVE_TYPE (LEAVE_TYPE,LEAVE_LEVEL,DESCRIPTION) values ('LOA',2,'Leave of Absence');
Insert into LEAVE_TYPE (LEAVE_TYPE,LEAVE_LEVEL,DESCRIPTION) values ('MTN',2,'Maternity Leave');
Insert into LEAVE_TYPE (LEAVE_TYPE,LEAVE_LEVEL,DESCRIPTION) values ('PTN',2,'Paternity Leave');
Insert into LEAVE_TYPE (LEAVE_TYPE,LEAVE_LEVEL,DESCRIPTION) values ('PTO',1,'Earned Leave');
Insert into LEAVE_TYPE (LEAVE_TYPE,LEAVE_LEVEL,DESCRIPTION) values ('SBA',2,'Sabbatical Leave');

REM INSERTING into JOB
SET DEFINE OFF;
Insert into JOB (JOB_ID,JOB_TITLE,LEAVE_PER_MONTH,HOURS_PER_DAY) values ('JOB_101','Trainee',2,11);
Insert into JOB (JOB_ID,JOB_TITLE,LEAVE_PER_MONTH,HOURS_PER_DAY) values ('JOB_102','System Engineer',3,10);
Insert into JOB (JOB_ID,JOB_TITLE,LEAVE_PER_MONTH,HOURS_PER_DAY) values ('JOB_103','Technical Lead',4,9);
Insert into JOB (JOB_ID,JOB_TITLE,LEAVE_PER_MONTH,HOURS_PER_DAY) values ('JOB_104','Manager',5,8);
Insert into JOB (JOB_ID,JOB_TITLE,LEAVE_PER_MONTH,HOURS_PER_DAY) values ('JOB_105','Senior Manager',5,7);

REM INSERTING into DEPARTMENT
SET DEFINE OFF;
Insert into DEPARTMENT (DEPARTMENT_ID,DEPARTMENT_NAME) values (100,'Finance and Accounts');
Insert into DEPARTMENT (DEPARTMENT_ID,DEPARTMENT_NAME) values (200,'HR');
Insert into DEPARTMENT (DEPARTMENT_ID,DEPARTMENT_NAME) values (300,'Admin');
Insert into DEPARTMENT (DEPARTMENT_ID,DEPARTMENT_NAME) values (400,'IT');
Insert into DEPARTMENT (DEPARTMENT_ID,DEPARTMENT_NAME) values (500,'Marketing');
Insert into DEPARTMENT (DEPARTMENT_ID,DEPARTMENT_NAME) values (600,'R and D');

REM INSERTING into HOLIDAYS
SET DEFINE OFF;
Insert into HOLIDAYS (HOLIDAY_ID,HOLIDAY_NAME,HOLIDAY_DATE) values (1,'New Year’s Day',to_date('01-JAN-18','DD-MON-RR'));
Insert into HOLIDAYS (HOLIDAY_ID,HOLIDAY_NAME,HOLIDAY_DATE) values (2,'Birthday of Martin Luther King, Jr.',to_date('21-JAN-18','DD-MON-RR'));
Insert into HOLIDAYS (HOLIDAY_ID,HOLIDAY_NAME,HOLIDAY_DATE) values (3,'Washington’s Birthday',to_date('18-FEB-19','DD-MON-RR'));
Insert into HOLIDAYS (HOLIDAY_ID,HOLIDAY_NAME,HOLIDAY_DATE) values (4,'Memorial Day',to_date('27-MAY-19','DD-MON-RR'));
Insert into HOLIDAYS (HOLIDAY_ID,HOLIDAY_NAME,HOLIDAY_DATE) values (5,'Independence Day',to_date('04-JUL-19','DD-MON-RR'));
Insert into HOLIDAYS (HOLIDAY_ID,HOLIDAY_NAME,HOLIDAY_DATE) values (6,'Labor Day',to_date('02-SEP-19','DD-MON-RR'));
Insert into HOLIDAYS (HOLIDAY_ID,HOLIDAY_NAME,HOLIDAY_DATE) values (7,'Columbus Day',to_date('14-OCT-19','DD-MON-RR'));
Insert into HOLIDAYS (HOLIDAY_ID,HOLIDAY_NAME,HOLIDAY_DATE) values (8,'Veterans Day',to_date('11-NOV-19','DD-MON-RR'));
Insert into HOLIDAYS (HOLIDAY_ID,HOLIDAY_NAME,HOLIDAY_DATE) values (9,'Thanksgiving Day',to_date('28-NOV-19','DD-MON-RR'));
Insert into HOLIDAYS (HOLIDAY_ID,HOLIDAY_NAME,HOLIDAY_DATE) values (10,'Christmas Day',to_date('25-DEC-19','DD-MON-RR'));

REM INSERTING into LOCATION
SET DEFINE OFF;
Insert into LOCATION (LOCATION_ID,LOCATION_NAME,COUNTRY) values (101,'Florida','USA');
Insert into LOCATION (LOCATION_ID,LOCATION_NAME,COUNTRY) values (102,'Newyork','USA');
Insert into LOCATION (LOCATION_ID,LOCATION_NAME,COUNTRY) values (103,'Texas','USA');
Insert into LOCATION (LOCATION_ID,LOCATION_NAME,COUNTRY) values (104,'California','USA');
Insert into LOCATION (LOCATION_ID,LOCATION_NAME,COUNTRY) values (105,'Georgia','USA');
Insert into LOCATION (LOCATION_ID,LOCATION_NAME,COUNTRY) values (106,'Colorado','USA');

REM INSERTING into EMPLOYEE
SET DEFINE OFF;
Insert into EMPLOYEE (EMPLOYEE_ID,FIRST_NAME,MIDDLE_NAME,LAST_NAME,GENDER,HIRE_DATE,JOB_ID,DEPARTMENT_ID,MANAGER_ID,HR_ID,DATE_OF_BIRTH,EMAIL,PHONE_NUMBER,ADDRESS,CITY,STATE,COUNTRY) values (112,'Kat','Dfe','Gg','F',to_date('14-NOV-14','DD-MON-RR'),'JOB_105',200,null,112,to_date('30-APR-95','DD-MON-RR'),'KatGg@gmail.com','3068119492','748','Hartford','CT','US');
Insert into EMPLOYEE (EMPLOYEE_ID,FIRST_NAME,MIDDLE_NAME,LAST_NAME,GENDER,HIRE_DATE,JOB_ID,DEPARTMENT_ID,MANAGER_ID,HR_ID,DATE_OF_BIRTH,EMAIL,PHONE_NUMBER,ADDRESS,CITY,STATE,COUNTRY) values (111,'Manuel',null,'Fm','M',to_date('10-AUG-14','DD-MON-RR'),'JOB_104',200,112,112,to_date('29-APR-96','DD-MON-RR'),'ManuelFm@gmail.com','6289929870','148','California','CA','US');
Insert into EMPLOYEE (EMPLOYEE_ID,FIRST_NAME,MIDDLE_NAME,LAST_NAME,GENDER,HIRE_DATE,JOB_ID,DEPARTMENT_ID,MANAGER_ID,HR_ID,DATE_OF_BIRTH,EMAIL,PHONE_NUMBER,ADDRESS,CITY,STATE,COUNTRY) values (105,'Anisha',null,'Bala','F',to_date('26-MAY-16','DD-MON-RR'),'JOB_105',600,null,112,to_date('17-NOV-18','DD-MON-RR'),'AnishaBala@gmail.com','4965333762','409','Hartford','CT','US');
Insert into EMPLOYEE (EMPLOYEE_ID,FIRST_NAME,MIDDLE_NAME,LAST_NAME,GENDER,HIRE_DATE,JOB_ID,DEPARTMENT_ID,MANAGER_ID,HR_ID,DATE_OF_BIRTH,EMAIL,PHONE_NUMBER,ADDRESS,CITY,STATE,COUNTRY) values (106,'Tom','Ram','Se','M',to_date('26-MAY-06','DD-MON-RR'),'JOB_102',600,105,111,to_date('12-OCT-80','DD-MON-RR'),'TomSe@gmail.com','4493912086','311','newyork','NY','US');
Insert into EMPLOYEE (EMPLOYEE_ID,FIRST_NAME,MIDDLE_NAME,LAST_NAME,GENDER,HIRE_DATE,JOB_ID,DEPARTMENT_ID,MANAGER_ID,HR_ID,DATE_OF_BIRTH,EMAIL,PHONE_NUMBER,ADDRESS,CITY,STATE,COUNTRY) values (150,'Mick','Lak','Ez','M',to_date('23-DEC-06','DD-MON-RR'),'JOB_103',600,105,111,to_date('24-FEB-83','DD-MON-RR'),'MickEz@gmail.com','8770222481','702','Florida','FL','US');
Insert into EMPLOYEE (EMPLOYEE_ID,FIRST_NAME,MIDDLE_NAME,LAST_NAME,GENDER,HIRE_DATE,JOB_ID,DEPARTMENT_ID,MANAGER_ID,HR_ID,DATE_OF_BIRTH,EMAIL,PHONE_NUMBER,ADDRESS,CITY,STATE,COUNTRY) values (107,'David',null,'We','M',to_date('12-SEP-07','DD-MON-RR'),'JOB_105',400,null,112,to_date('23-SEP-84','DD-MON-RR'),'DavidWe@gmail.com','7567285364','513','Newyork','NY','US');
Insert into EMPLOYEE (EMPLOYEE_ID,FIRST_NAME,MIDDLE_NAME,LAST_NAME,GENDER,HIRE_DATE,JOB_ID,DEPARTMENT_ID,MANAGER_ID,HR_ID,DATE_OF_BIRTH,EMAIL,PHONE_NUMBER,ADDRESS,CITY,STATE,COUNTRY) values (108,'Mark',null,'Sv','M',to_date('17-AUG-08','DD-MON-RR'),'JOB_103',400,107,111,to_date('04-OCT-84','DD-MON-RR'),'MarkSv@gmail.com','4363480716','129','Texas','TX','US');
Insert into EMPLOYEE (EMPLOYEE_ID,FIRST_NAME,MIDDLE_NAME,LAST_NAME,GENDER,HIRE_DATE,JOB_ID,DEPARTMENT_ID,MANAGER_ID,HR_ID,DATE_OF_BIRTH,EMAIL,PHONE_NUMBER,ADDRESS,CITY,STATE,COUNTRY) values (151,'Har',null,'Xd','M',to_date('30-SEP-10','DD-MON-RR'),'JOB_102',400,107,111,to_date('28-FEB-87','DD-MON-RR'),'HarXd@gmail.com','2997063658','478','California','CA','US');
Insert into EMPLOYEE (EMPLOYEE_ID,FIRST_NAME,MIDDLE_NAME,LAST_NAME,GENDER,HIRE_DATE,JOB_ID,DEPARTMENT_ID,MANAGER_ID,HR_ID,DATE_OF_BIRTH,EMAIL,PHONE_NUMBER,ADDRESS,CITY,STATE,COUNTRY) values (109,'Siv',null,'Cg','M',to_date('02-JAN-11','DD-MON-RR'),'JOB_104',300,null,112,to_date('10-APR-89','DD-MON-RR'),'SivCg@gmail.com','2453225937','336','Georgia','GR','US');
Insert into EMPLOYEE (EMPLOYEE_ID,FIRST_NAME,MIDDLE_NAME,LAST_NAME,GENDER,HIRE_DATE,JOB_ID,DEPARTMENT_ID,MANAGER_ID,HR_ID,DATE_OF_BIRTH,EMAIL,PHONE_NUMBER,ADDRESS,CITY,STATE,COUNTRY) values (152,'Hem','Wer','Sj','M',to_date('21-NOV-12','DD-MON-RR'),'JOB_101',300,109,111,to_date('09-AUG-89','DD-MON-RR'),'HemSj@gmail.com','3620890779','447','Colorado','CO','US');
Insert into EMPLOYEE (EMPLOYEE_ID,FIRST_NAME,MIDDLE_NAME,LAST_NAME,GENDER,HIRE_DATE,JOB_ID,DEPARTMENT_ID,MANAGER_ID,HR_ID,DATE_OF_BIRTH,EMAIL,PHONE_NUMBER,ADDRESS,CITY,STATE,COUNTRY) values (110,'Vik',null,'An','M',to_date('31-JUL-13','DD-MON-RR'),'JOB_101',300,109,111,to_date('10-NOV-89','DD-MON-RR'),'VikAn@gmail.com','9609296847','169','Texas','TX','US');

REM INSERTING into LEAVE_REQUEST
SET DEFINE OFF;
Insert into LEAVE_REQUEST (REQUEST_ID,EMPLOYEE_ID,REQUEST_DATE,FROM_DATE,TO_DATE,TOTAL_DAYS,LEAVE_TYPE,REASON_FOR_LEAVE,COMMENTS,STATUS,MANAGER_APPROVAL,HR_APPROVAL) values (17,105,to_date('27-NOV-18','DD-MON-RR'),to_date('16-NOV-18','DD-MON-RR'),to_date('17-NOV-18','DD-MON-RR'),1,'SCK','Sick',null,'Approved','Approved','NA');
Insert into LEAVE_REQUEST (REQUEST_ID,EMPLOYEE_ID,REQUEST_DATE,FROM_DATE,TO_DATE,TOTAL_DAYS,LEAVE_TYPE,REASON_FOR_LEAVE,COMMENTS,STATUS,MANAGER_APPROVAL,HR_APPROVAL) values (18,106,to_date('27-NOV-18','DD-MON-RR'),to_date('13-JUL-18','DD-MON-RR'),to_date('13-JUL-18','DD-MON-RR'),1,'BRV','Dead',null,'Pending','Pending','NA');
Insert into LEAVE_REQUEST (REQUEST_ID,EMPLOYEE_ID,REQUEST_DATE,FROM_DATE,TO_DATE,TOTAL_DAYS,LEAVE_TYPE,REASON_FOR_LEAVE,COMMENTS,STATUS,MANAGER_APPROVAL,HR_APPROVAL) values (19,150,to_date('27-NOV-18','DD-MON-RR'),to_date('08-NOV-18','DD-MON-RR'),to_date('09-NOV-18','DD-MON-RR'),2,'LOA','Vacation',null,'Approved','Approved','Approved');
Insert into LEAVE_REQUEST (REQUEST_ID,EMPLOYEE_ID,REQUEST_DATE,FROM_DATE,TO_DATE,TOTAL_DAYS,LEAVE_TYPE,REASON_FOR_LEAVE,COMMENTS,STATUS,MANAGER_APPROVAL,HR_APPROVAL) values (20,107,to_date('27-NOV-18','DD-MON-RR'),to_date('26-JUL-18','DD-MON-RR'),to_date('26-JUL-18','DD-MON-RR'),1,'SCK','Sick',null,'Pending','Pending','NA');
Insert into LEAVE_REQUEST (REQUEST_ID,EMPLOYEE_ID,REQUEST_DATE,FROM_DATE,TO_DATE,TOTAL_DAYS,LEAVE_TYPE,REASON_FOR_LEAVE,COMMENTS,STATUS,MANAGER_APPROVAL,HR_APPROVAL) values (21,108,to_date('27-NOV-18','DD-MON-RR'),to_date('14-AUG-18','DD-MON-RR'),to_date('14-AUG-18','DD-MON-RR'),1,'SCK','Sick',null,'Pending','Pending','NA');
Insert into LEAVE_REQUEST (REQUEST_ID,EMPLOYEE_ID,REQUEST_DATE,FROM_DATE,TO_DATE,TOTAL_DAYS,LEAVE_TYPE,REASON_FOR_LEAVE,COMMENTS,STATUS,MANAGER_APPROVAL,HR_APPROVAL) values (22,151,to_date('27-NOV-18','DD-MON-RR'),to_date('03-SEP-18','DD-MON-RR'),to_date('06-SEP-18','DD-MON-RR'),4,'PTO','Outing',null,'Pending','Pending','NA');
Insert into LEAVE_REQUEST (REQUEST_ID,EMPLOYEE_ID,REQUEST_DATE,FROM_DATE,TO_DATE,TOTAL_DAYS,LEAVE_TYPE,REASON_FOR_LEAVE,COMMENTS,STATUS,MANAGER_APPROVAL,HR_APPROVAL) values (23,109,to_date('27-NOV-18','DD-MON-RR'),to_date('01-JAN-19','DD-MON-RR'),to_date('31-DEC-19','DD-MON-RR'),261,'SBA','Bored',null,'Approved','Skipped','Approved');
Insert into LEAVE_REQUEST (REQUEST_ID,EMPLOYEE_ID,REQUEST_DATE,FROM_DATE,TO_DATE,TOTAL_DAYS,LEAVE_TYPE,REASON_FOR_LEAVE,COMMENTS,STATUS,MANAGER_APPROVAL,HR_APPROVAL) values (24,152,to_date('27-NOV-18','DD-MON-RR'),to_date('24-SEP-18','DD-MON-RR'),to_date('28-SEP-18','DD-MON-RR'),5,'PTN','Mom',null,'Pending','Pending','Pending');
Insert into LEAVE_REQUEST (REQUEST_ID,EMPLOYEE_ID,REQUEST_DATE,FROM_DATE,TO_DATE,TOTAL_DAYS,LEAVE_TYPE,REASON_FOR_LEAVE,COMMENTS,STATUS,MANAGER_APPROVAL,HR_APPROVAL) values (25,110,to_date('27-NOV-18','DD-MON-RR'),to_date('06-SEP-18','DD-MON-RR'),to_date('07-SEP-18','DD-MON-RR'),2,'SCK','Sick',null,'Pending','Pending','NA');
Insert into LEAVE_REQUEST (REQUEST_ID,EMPLOYEE_ID,REQUEST_DATE,FROM_DATE,TO_DATE,TOTAL_DAYS,LEAVE_TYPE,REASON_FOR_LEAVE,COMMENTS,STATUS,MANAGER_APPROVAL,HR_APPROVAL) values (26,111,to_date('27-NOV-18','DD-MON-RR'),to_date('11-SEP-18','DD-MON-RR'),to_date('12-SEP-18','DD-MON-RR'),2,'SCK','Sick',null,'Pending','Pending','NA');
Insert into LEAVE_REQUEST (REQUEST_ID,EMPLOYEE_ID,REQUEST_DATE,FROM_DATE,TO_DATE,TOTAL_DAYS,LEAVE_TYPE,REASON_FOR_LEAVE,COMMENTS,STATUS,MANAGER_APPROVAL,HR_APPROVAL) values (27,105,to_date('27-NOV-18','DD-MON-RR'),to_date('10-OCT-18','DD-MON-RR'),to_date('12-OCT-18','DD-MON-RR'),3,'PTO','Outing',null,'Pending','Pending','NA');
Insert into LEAVE_REQUEST (REQUEST_ID,EMPLOYEE_ID,REQUEST_DATE,FROM_DATE,TO_DATE,TOTAL_DAYS,LEAVE_TYPE,REASON_FOR_LEAVE,COMMENTS,STATUS,MANAGER_APPROVAL,HR_APPROVAL) values (28,151,to_date('27-NOV-18','DD-MON-RR'),to_date('22-OCT-18','DD-MON-RR'),to_date('25-OCT-18','DD-MON-RR'),4,'PTO','Outing',null,'Approved','Approved','NA');
Insert into LEAVE_REQUEST (REQUEST_ID,EMPLOYEE_ID,REQUEST_DATE,FROM_DATE,TO_DATE,TOTAL_DAYS,LEAVE_TYPE,REASON_FOR_LEAVE,COMMENTS,STATUS,MANAGER_APPROVAL,HR_APPROVAL) values (29,151,to_date('27-NOV-18','DD-MON-RR'),to_date('05-NOV-18','DD-MON-RR'),to_date('07-NOV-18','DD-MON-RR'),3,'PTO','Outing',null,'Approved','Approved','NA');
Insert into LEAVE_REQUEST (REQUEST_ID,EMPLOYEE_ID,REQUEST_DATE,FROM_DATE,TO_DATE,TOTAL_DAYS,LEAVE_TYPE,REASON_FOR_LEAVE,COMMENTS,STATUS,MANAGER_APPROVAL,HR_APPROVAL) values (30,108,to_date('27-NOV-18','DD-MON-RR'),to_date('01-JAN-19','DD-MON-RR'),to_date('31-JUL-19','DD-MON-RR'),152,'SBA','Old',null,'Rejected','Rejected','Pending');
Insert into LEAVE_REQUEST (REQUEST_ID,EMPLOYEE_ID,REQUEST_DATE,FROM_DATE,TO_DATE,TOTAL_DAYS,LEAVE_TYPE,REASON_FOR_LEAVE,COMMENTS,STATUS,MANAGER_APPROVAL,HR_APPROVAL) values (31,150,to_date('27-NOV-18','DD-MON-RR'),to_date('26-OCT-18','DD-MON-RR'),to_date('26-OCT-18','DD-MON-RR'),1,'LOA','No choice',null,'Approved','Approved','Approved');

REM INSERTING into APPROVAL
SET DEFINE OFF;
Insert into APPROVAL (APPROVAL_ID,REQUEST_ID,REQUESTED_BY,APPROVAL_BY,TOTAL_DAYS,APPROVAL_DATE,STATUS,SEND_EMAIL,COMMENTS) values (39,17,105,112,1,to_date('27-NOV-18','DD-MON-RR'),'Approved','Y','Approved the Leave');
Insert into APPROVAL (APPROVAL_ID,REQUEST_ID,REQUESTED_BY,APPROVAL_BY,TOTAL_DAYS,APPROVAL_DATE,STATUS,SEND_EMAIL,COMMENTS) values (40,18,106,105,1,null,'Pending',null,null);
Insert into APPROVAL (APPROVAL_ID,REQUEST_ID,REQUESTED_BY,APPROVAL_BY,TOTAL_DAYS,APPROVAL_DATE,STATUS,SEND_EMAIL,COMMENTS) values (41,19,150,105,2,to_date('27-NOV-18','DD-MON-RR'),'Approved','Y','Approved the Leave');
Insert into APPROVAL (APPROVAL_ID,REQUEST_ID,REQUESTED_BY,APPROVAL_BY,TOTAL_DAYS,APPROVAL_DATE,STATUS,SEND_EMAIL,COMMENTS) values (42,19,150,111,2,to_date('27-NOV-18','DD-MON-RR'),'Approved','Y','Approved the Leave');
Insert into APPROVAL (APPROVAL_ID,REQUEST_ID,REQUESTED_BY,APPROVAL_BY,TOTAL_DAYS,APPROVAL_DATE,STATUS,SEND_EMAIL,COMMENTS) values (43,20,107,112,1,null,'Pending',null,null);
Insert into APPROVAL (APPROVAL_ID,REQUEST_ID,REQUESTED_BY,APPROVAL_BY,TOTAL_DAYS,APPROVAL_DATE,STATUS,SEND_EMAIL,COMMENTS) values (44,21,108,107,1,null,'Pending',null,null);
Insert into APPROVAL (APPROVAL_ID,REQUEST_ID,REQUESTED_BY,APPROVAL_BY,TOTAL_DAYS,APPROVAL_DATE,STATUS,SEND_EMAIL,COMMENTS) values (45,22,151,107,4,null,'Pending',null,null);
Insert into APPROVAL (APPROVAL_ID,REQUEST_ID,REQUESTED_BY,APPROVAL_BY,TOTAL_DAYS,APPROVAL_DATE,STATUS,SEND_EMAIL,COMMENTS) values (46,23,109,112,261,to_date('27-NOV-18','DD-MON-RR'),'Approved','Y','Approved the Leave');
Insert into APPROVAL (APPROVAL_ID,REQUEST_ID,REQUESTED_BY,APPROVAL_BY,TOTAL_DAYS,APPROVAL_DATE,STATUS,SEND_EMAIL,COMMENTS) values (47,24,152,109,5,null,'Pending',null,null);
Insert into APPROVAL (APPROVAL_ID,REQUEST_ID,REQUESTED_BY,APPROVAL_BY,TOTAL_DAYS,APPROVAL_DATE,STATUS,SEND_EMAIL,COMMENTS) values (48,24,152,111,5,null,'Pending',null,null);
Insert into APPROVAL (APPROVAL_ID,REQUEST_ID,REQUESTED_BY,APPROVAL_BY,TOTAL_DAYS,APPROVAL_DATE,STATUS,SEND_EMAIL,COMMENTS) values (49,25,110,109,2,null,'Pending',null,null);
Insert into APPROVAL (APPROVAL_ID,REQUEST_ID,REQUESTED_BY,APPROVAL_BY,TOTAL_DAYS,APPROVAL_DATE,STATUS,SEND_EMAIL,COMMENTS) values (50,26,111,112,2,null,'Pending',null,null);
Insert into APPROVAL (APPROVAL_ID,REQUEST_ID,REQUESTED_BY,APPROVAL_BY,TOTAL_DAYS,APPROVAL_DATE,STATUS,SEND_EMAIL,COMMENTS) values (51,27,105,112,3,null,'Pending',null,null);
Insert into APPROVAL (APPROVAL_ID,REQUEST_ID,REQUESTED_BY,APPROVAL_BY,TOTAL_DAYS,APPROVAL_DATE,STATUS,SEND_EMAIL,COMMENTS) values (52,28,151,107,4,to_date('27-NOV-18','DD-MON-RR'),'Approved','Y','Approved the Leave');
Insert into APPROVAL (APPROVAL_ID,REQUEST_ID,REQUESTED_BY,APPROVAL_BY,TOTAL_DAYS,APPROVAL_DATE,STATUS,SEND_EMAIL,COMMENTS) values (53,29,151,107,3,to_date('27-NOV-18','DD-MON-RR'),'Approved','Y','Approved the Leave');
Insert into APPROVAL (APPROVAL_ID,REQUEST_ID,REQUESTED_BY,APPROVAL_BY,TOTAL_DAYS,APPROVAL_DATE,STATUS,SEND_EMAIL,COMMENTS) values (54,30,108,107,152,to_date('27-NOV-18','DD-MON-RR'),'Rejected','Y','Rejected the Leave');
Insert into APPROVAL (APPROVAL_ID,REQUEST_ID,REQUESTED_BY,APPROVAL_BY,TOTAL_DAYS,APPROVAL_DATE,STATUS,SEND_EMAIL,COMMENTS) values (55,30,108,111,152,to_date('27-NOV-18','DD-MON-RR'),'Rejected','Y','Rejected the Leave');
Insert into APPROVAL (APPROVAL_ID,REQUEST_ID,REQUESTED_BY,APPROVAL_BY,TOTAL_DAYS,APPROVAL_DATE,STATUS,SEND_EMAIL,COMMENTS) values (56,31,150,105,1,to_date('27-NOV-18','DD-MON-RR'),'Approved','Y','Approved the Leave');
Insert into APPROVAL (APPROVAL_ID,REQUEST_ID,REQUESTED_BY,APPROVAL_BY,TOTAL_DAYS,APPROVAL_DATE,STATUS,SEND_EMAIL,COMMENTS) values (57,31,150,111,1,to_date('27-NOV-18','DD-MON-RR'),'Approved','Y','Approved the Leave');


REM INSERTING into ATTENDANCE
SET DEFINE OFF;
Insert into ATTENDANCE (EMPLOYEE_ID,SWIPE_DATE,LOCATION_ID,SWIPE_IN,SWIPE_OUT,OVERTIME_HOURS) values (105,to_date('28-SEP-17','DD-MON-RR'),101,to_timestamp('28-SEP-17 09.00.00.000000000 AM','DD-MON-RR HH.MI.SSXFF AM'),to_timestamp('28-SEP-17 04.00.00.000000000 PM','DD-MON-RR HH.MI.SSXFF AM'),0);
Insert into ATTENDANCE (EMPLOYEE_ID,SWIPE_DATE,LOCATION_ID,SWIPE_IN,SWIPE_OUT,OVERTIME_HOURS) values (106,to_date('21-AUG-16','DD-MON-RR'),102,to_timestamp('21-AUG-16 09.00.00.000000000 AM','DD-MON-RR HH.MI.SSXFF AM'),to_timestamp('21-AUG-16 05.00.00.000000000 PM','DD-MON-RR HH.MI.SSXFF AM'),-2);
Insert into ATTENDANCE (EMPLOYEE_ID,SWIPE_DATE,LOCATION_ID,SWIPE_IN,SWIPE_OUT,OVERTIME_HOURS) values (150,to_date('28-MAY-17','DD-MON-RR'),103,to_timestamp('28-MAY-17 09.00.00.000000000 AM','DD-MON-RR HH.MI.SSXFF AM'),to_timestamp('28-MAY-17 06.00.00.000000000 PM','DD-MON-RR HH.MI.SSXFF AM'),0);
Insert into ATTENDANCE (EMPLOYEE_ID,SWIPE_DATE,LOCATION_ID,SWIPE_IN,SWIPE_OUT,OVERTIME_HOURS) values (107,to_date('10-JUN-17','DD-MON-RR'),104,to_timestamp('10-JUN-17 09.00.00.000000000 AM','DD-MON-RR HH.MI.SSXFF AM'),to_timestamp('10-JUN-17 07.00.00.000000000 PM','DD-MON-RR HH.MI.SSXFF AM'),3);
Insert into ATTENDANCE (EMPLOYEE_ID,SWIPE_DATE,LOCATION_ID,SWIPE_IN,SWIPE_OUT,OVERTIME_HOURS) values (108,to_date('11-APR-17','DD-MON-RR'),105,to_timestamp('11-APR-17 09.00.00.000000000 AM','DD-MON-RR HH.MI.SSXFF AM'),to_timestamp('11-APR-17 08.00.00.000000000 PM','DD-MON-RR HH.MI.SSXFF AM'),2);
Insert into ATTENDANCE (EMPLOYEE_ID,SWIPE_DATE,LOCATION_ID,SWIPE_IN,SWIPE_OUT,OVERTIME_HOURS) values (151,to_date('13-MAR-16','DD-MON-RR'),106,to_timestamp('13-MAR-16 09.00.00.000000000 AM','DD-MON-RR HH.MI.SSXFF AM'),to_timestamp('13-MAR-16 09.00.00.000000000 PM','DD-MON-RR HH.MI.SSXFF AM'),2);
Insert into ATTENDANCE (EMPLOYEE_ID,SWIPE_DATE,LOCATION_ID,SWIPE_IN,SWIPE_OUT,OVERTIME_HOURS) values (109,to_date('20-OCT-17','DD-MON-RR'),101,to_timestamp('20-OCT-17 09.00.00.000000000 AM','DD-MON-RR HH.MI.SSXFF AM'),to_timestamp('20-OCT-17 10.00.00.000000000 PM','DD-MON-RR HH.MI.SSXFF AM'),5);
Insert into ATTENDANCE (EMPLOYEE_ID,SWIPE_DATE,LOCATION_ID,SWIPE_IN,SWIPE_OUT,OVERTIME_HOURS) values (152,to_date('31-MAY-16','DD-MON-RR'),102,to_timestamp('31-MAY-16 09.00.00.000000000 AM','DD-MON-RR HH.MI.SSXFF AM'),to_timestamp('31-MAY-16 11.00.00.000000000 PM','DD-MON-RR HH.MI.SSXFF AM'),3);
Insert into ATTENDANCE (EMPLOYEE_ID,SWIPE_DATE,LOCATION_ID,SWIPE_IN,SWIPE_OUT,OVERTIME_HOURS) values (110,to_date('09-JAN-17','DD-MON-RR'),103,to_timestamp('09-JAN-17 09.00.00.000000000 AM','DD-MON-RR HH.MI.SSXFF AM'),to_timestamp('09-JAN-17 04.00.00.000000000 PM','DD-MON-RR HH.MI.SSXFF AM'),-4);
Insert into ATTENDANCE (EMPLOYEE_ID,SWIPE_DATE,LOCATION_ID,SWIPE_IN,SWIPE_OUT,OVERTIME_HOURS) values (111,to_date('16-AUG-16','DD-MON-RR'),104,to_timestamp('16-AUG-16 09.00.00.000000000 AM','DD-MON-RR HH.MI.SSXFF AM'),to_timestamp('16-AUG-16 05.00.00.000000000 PM','DD-MON-RR HH.MI.SSXFF AM'),0);
Insert into ATTENDANCE (EMPLOYEE_ID,SWIPE_DATE,LOCATION_ID,SWIPE_IN,SWIPE_OUT,OVERTIME_HOURS) values (112,to_date('31-DEC-16','DD-MON-RR'),105,to_timestamp('31-DEC-16 09.00.00.000000000 AM','DD-MON-RR HH.MI.SSXFF AM'),to_timestamp('31-DEC-16 06.00.00.000000000 PM','DD-MON-RR HH.MI.SSXFF AM'),2);
Insert into ATTENDANCE (EMPLOYEE_ID,SWIPE_DATE,LOCATION_ID,SWIPE_IN,SWIPE_OUT,OVERTIME_HOURS) values (105,to_date('22-DEC-16','DD-MON-RR'),106,to_timestamp('22-DEC-16 09.00.00.000000000 AM','DD-MON-RR HH.MI.SSXFF AM'),to_timestamp('22-DEC-16 07.00.00.000000000 PM','DD-MON-RR HH.MI.SSXFF AM'),3);
Insert into ATTENDANCE (EMPLOYEE_ID,SWIPE_DATE,LOCATION_ID,SWIPE_IN,SWIPE_OUT,OVERTIME_HOURS) values (106,to_date('29-SEP-17','DD-MON-RR'),106,to_timestamp('29-SEP-17 09.00.00.000000000 AM','DD-MON-RR HH.MI.SSXFF AM'),to_timestamp('29-SEP-17 08.00.00.000000000 PM','DD-MON-RR HH.MI.SSXFF AM'),1);
Insert into ATTENDANCE (EMPLOYEE_ID,SWIPE_DATE,LOCATION_ID,SWIPE_IN,SWIPE_OUT,OVERTIME_HOURS) values (150,to_date('22-AUG-16','DD-MON-RR'),101,to_timestamp('22-AUG-16 09.00.00.000000000 AM','DD-MON-RR HH.MI.SSXFF AM'),to_timestamp('22-AUG-16 09.00.00.000000000 PM','DD-MON-RR HH.MI.SSXFF AM'),3);
Insert into ATTENDANCE (EMPLOYEE_ID,SWIPE_DATE,LOCATION_ID,SWIPE_IN,SWIPE_OUT,OVERTIME_HOURS) values (107,to_date('29-MAY-17','DD-MON-RR'),102,to_timestamp('29-MAY-17 09.00.00.000000000 AM','DD-MON-RR HH.MI.SSXFF AM'),to_timestamp('29-MAY-17 10.00.00.000000000 PM','DD-MON-RR HH.MI.SSXFF AM'),6);
Insert into ATTENDANCE (EMPLOYEE_ID,SWIPE_DATE,LOCATION_ID,SWIPE_IN,SWIPE_OUT,OVERTIME_HOURS) values (108,to_date('11-JUN-17','DD-MON-RR'),103,to_timestamp('11-JUN-17 09.00.00.000000000 AM','DD-MON-RR HH.MI.SSXFF AM'),to_timestamp('11-JUN-17 11.00.00.000000000 PM','DD-MON-RR HH.MI.SSXFF AM'),5);
Insert into ATTENDANCE (EMPLOYEE_ID,SWIPE_DATE,LOCATION_ID,SWIPE_IN,SWIPE_OUT,OVERTIME_HOURS) values (151,to_date('12-APR-17','DD-MON-RR'),104,to_timestamp('12-APR-17 09.00.00.000000000 AM','DD-MON-RR HH.MI.SSXFF AM'),to_timestamp('12-APR-17 04.00.00.000000000 PM','DD-MON-RR HH.MI.SSXFF AM'),-3);
Insert into ATTENDANCE (EMPLOYEE_ID,SWIPE_DATE,LOCATION_ID,SWIPE_IN,SWIPE_OUT,OVERTIME_HOURS) values (109,to_date('14-MAR-16','DD-MON-RR'),105,to_timestamp('14-MAR-16 09.00.00.000000000 AM','DD-MON-RR HH.MI.SSXFF AM'),to_timestamp('14-MAR-16 05.00.00.000000000 PM','DD-MON-RR HH.MI.SSXFF AM'),0);
Insert into ATTENDANCE (EMPLOYEE_ID,SWIPE_DATE,LOCATION_ID,SWIPE_IN,SWIPE_OUT,OVERTIME_HOURS) values (152,to_date('21-OCT-17','DD-MON-RR'),106,to_timestamp('21-OCT-17 09.00.00.000000000 AM','DD-MON-RR HH.MI.SSXFF AM'),to_timestamp('21-OCT-17 06.00.00.000000000 PM','DD-MON-RR HH.MI.SSXFF AM'),-2);
Insert into ATTENDANCE (EMPLOYEE_ID,SWIPE_DATE,LOCATION_ID,SWIPE_IN,SWIPE_OUT,OVERTIME_HOURS) values (110,to_date('14-MAY-16','DD-MON-RR'),106,to_timestamp('14-MAY-16 09.00.00.000000000 AM','DD-MON-RR HH.MI.SSXFF AM'),to_timestamp('14-MAY-16 07.00.00.000000000 PM','DD-MON-RR HH.MI.SSXFF AM'),-1);
Insert into ATTENDANCE (EMPLOYEE_ID,SWIPE_DATE,LOCATION_ID,SWIPE_IN,SWIPE_OUT,OVERTIME_HOURS) values (111,to_date('10-JAN-17','DD-MON-RR'),101,to_timestamp('10-JAN-17 09.00.00.000000000 AM','DD-MON-RR HH.MI.SSXFF AM'),to_timestamp('10-JAN-17 08.00.00.000000000 PM','DD-MON-RR HH.MI.SSXFF AM'),3);
Insert into ATTENDANCE (EMPLOYEE_ID,SWIPE_DATE,LOCATION_ID,SWIPE_IN,SWIPE_OUT,OVERTIME_HOURS) values (112,to_date('17-AUG-16','DD-MON-RR'),102,to_timestamp('17-AUG-16 09.00.00.000000000 AM','DD-MON-RR HH.MI.SSXFF AM'),to_timestamp('17-AUG-16 09.00.00.000000000 PM','DD-MON-RR HH.MI.SSXFF AM'),5);

REM INSERTING into PAYROLL
SET DEFINE OFF;
Insert into PAYROLL (EMPLOYEE_ID,MONTH,SALARY_DEDUCTION) values (109,'2018-Nov','Y');
Insert into PAYROLL (EMPLOYEE_ID,MONTH,SALARY_DEDUCTION) values (150,'2018-Nov','Y');
